Escuela_ID;Curso 
4;['2°', '3°', '4°', '5°', '6°', '7°']
5;['2°', '3°', '4°', '5°', '6°', '7°']
6;['2°', '3°', '4°', '5°', '6°', '7°']
7;['2°', '3°', '4°', '5°', '6°', '7°']
8;['2°', '3°', '4°', '5°', '6°', '7°']
9;['2°', '3°', '4°', '5°', '6°', '7°']
10;['2°', '3°', '4°', '5°', '6°', '7°']
11;['2°', '3°', '4°', '5°', '6°', '7°']
12;['2°', '3°', '4°', '5°', '6°', '7°']
13;['2°', '3°', '4°', '5°', '6°', '7°']
14;['2°', '3°', '4°', '5°', '6°', '7°']
15;['2°', '3°', '4°', '5°', '6°', '7°']
16;['2°', '3°', '4°', '5°', '6°', '7°']
17;['2°', '3°', '4°', '5°', '6°', '7°']
18;['2°', '3°', '4°', '5°', '6°', '7°']
19;['2°', '3°', '4°', '5°', '6°', '7°']
20;['2°', '3°', '4°', '5°', '6°', '7°']
21;['1°', '2°', '3°', '4°', '5°', '6°', '7°']
22;['2°', '3°', '4°', '5°', '6°', '7°']
23;['2°', '3°', '4°', '5°', '6°', '7°']
24;['2°', '3°', '4°', '5°', '6°', '7°']
25;['2°', '3°', '4°', '5°', '6°', '7°']
26;['2°', '3°', '4°', '5°', '6°', '7°']
27;['2°', '3°', '4°', '5°', '6°', '7°']
28;['2°', '3°', '4°', '5°', '6°', '7°']
29;['2°', '3°', '4°', '5°', '6°', '7°']
30;['2°', '3°', '4°', '5°', '6°', '7°']
31;['2°', '3°', '4°', '5°', '6°', '7°']
32;['2°', '3°', '4°', '5°', '6°', '7°']
33;['2°', '3°', '4°', '5°', '6°', '7°']
34;['2°', '3°', '4°', '5°', '6°', '7°']
35;['2°', '3°', '4°', '5°', '6°', '7°']
36;['2°', '3°', '4°', '5°', '6°', '7°']
37;['2°', '3°', '4°', '5°', '6°', '7°']
38;['2°', '3°', '4°', '5°', '6°', '7°']
39;['2°', '3°', '4°', '5°', '6°', '7°']
40;['2°', '3°', '4°', '5°', '6°', '7°']
41;['2°', '3°', '4°', '5°', '6°', '7°']
42;['2°', '3°', '4°', '5°', '6°', '7°']
43;['2°', '3°', '4°', '5°', '6°', '7°']
44;['2°', '3°', '4°', '5°', '6°', '7°']
45;['2°', '3°', '4°', '5°', '6°', '7°']
46;['2°', '3°', '4°', '5°', '6°', '7°']
47;['2°', '3°', '4°', '5°', '6°', '7°']
48;['2°', '3°', '4°', '5°', '6°', '7°']
49;['2°', '3°', '4°', '5°', '6°', '7°']
50;['2°', '3°', '4°', '5°', '6°', '7°']
51;['2°', '3°', '4°', '5°', '6°', '7°']
52;['2°', '3°', '4°', '5°', '6°', '7°']
53;['2°', '3°', '4°', '5°', '6°', '7°']
54;['2°', '3°', '4°', '5°', '6°', '7°']
55;['2°', '3°', '4°', '5°', '6°', '7°']
56;['2°', '3°', '4°', '5°', '6°', '7°']
57;['2°', '3°', '4°', '5°', '6°', '7°']
58;['2°', '3°', '4°', '5°', '6°', '7°']
59;['2°', '3°', '4°', '5°', '6°', '7°']
60;['2°', '3°', '4°', '5°', '6°', '7°']
61;['1°', '2°', '3°', '4°', '5°', '6°', '7°']
62;['2°', '3°', '4°', '5°', '6°', '7°']
63;['2°', '3°', '4°', '5°', '6°', '7°']
64;['2°', '3°', '4°', '5°', '6°', '7°']
65;['2°', '3°', '4°', '5°', '6°', '7°']
66;['2°', '3°', '4°', '5°', '6°', '7°']
67;['2°', '3°', '4°', '5°', '6°', '7°']
68;['2°', '3°', '4°', '5°', '6°', '7°']
69;['2°', '3°', '4°', '5°', '6°', '7°']
70;['2°', '3°', '4°', '5°', '6°', '7°']
71;['2°', '3°', '4°', '5°', '6°', '7°']
72;['2°', '3°', '4°', '5°', '6°', '7°']
73;['2°', '3°', '4°', '5°', '6°', '7°']
74;['2°', '3°', '4°', '5°', '6°', '7°']
75;['1°', '2°', '3°', '4°', '5°', '6°', '7°']
76;['1°', '2°', '3°', '4°', '5°', '6°', '7°']
77;['2°', '3°', '4°', '5°', '6°', '7°']
78;['2°', '3°', '4°', '5°', '6°', '7°']
79;['2°', '3°', '4°', '5°', '6°', '7°']
80;['2°', '3°', '4°', '5°', '6°', '7°']
81;['2°', '3°', '4°', '5°', '6°', '7°']
82;['2°', '3°', '4°', '5°', '6°', '7°']
83;['2°', '3°', '4°', '5°', '6°', '7°']
84;['2°', '3°', '4°', '5°', '6°', '7°']
85;['2°', '3°', '4°', '5°', '6°', '7°']
86;['2°', '3°', '4°', '5°', '6°', '7°']
87;['2°', '3°', '4°', '5°', '6°', '7°']
88;['2°', '3°', '4°', '5°', '6°', '7°']
90;['2°', '3°', '4°', '5°', '6°', '7°']
91;['1°', '2°', '3°', '4°', '5°', '6°', '7°']
92;['2°', '3°', '4°', '5°', '6°', '7°']
93;['2°', '3°', '4°', '5°', '6°', '7°']
94;['2°', '3°', '4°', '5°', '6°', '7°']
95;['2°', '3°', '4°', '5°', '6°', '7°']
96;['2°', '3°', '4°', '5°', '6°', '7°']
97;['2°', '3°', '4°', '5°', '6°', '7°']
98;['2°', '3°', '4°', '5°', '6°', '7°']
99;['2°', '3°', '4°', '5°', '6°', '7°']
100;['2°', '3°', '4°', '5°', '6°', '7°']
101;['2°', '3°', '4°', '5°', '6°', '7°']
102;['2°', '3°', '4°', '5°', '6°', '7°']
103;['2°', '3°', '4°', '5°', '6°', '7°']
104;['2°', '3°', '4°', '5°', '6°', '7°']
105;['2°', '3°', '4°', '5°', '6°', '7°']
106;['2°', '3°', '4°', '5°', '6°', '7°']
107;['2°', '3°', '4°', '5°', '6°', '7°']
108;['2°', '3°', '4°', '5°', '6°', '7°']
109;['2°', '3°', '4°', '5°', '6°', '7°']
110;['2°', '3°', '4°', '5°', '6°', '7°']
111;['2°', '3°', '4°', '5°', '6°', '7°']
112;['2°', '3°', '4°', '5°', '6°', '7°']
113;['2°', '3°', '4°', '5°', '6°', '7°']
114;['2°', '3°', '4°', '5°', '6°', '7°']
115;['2°', '3°', '4°', '5°', '6°', '7°']
116;['2°', '3°', '4°', '5°', '6°', '7°']
117;['2°', '3°', '4°', '5°', '6°', '7°']
118;['2°', '3°', '4°', '5°', '6°', '7°']
119;['2°', '3°', '4°', '5°', '6°', '7°']
120;['2°', '3°', '4°', '5°', '6°', '7°']
121;['2°', '3°', '4°', '5°', '6°', '7°']
122;['2°', '3°', '4°', '5°', '6°', '7°']
123;['2°', '3°', '4°', '5°', '6°', '7°']
124;['2°', '3°', '4°', '5°', '6°', '7°']
125;['2°', '3°', '4°', '5°', '6°', '7°']
126;['2°', '3°', '4°', '5°', '6°', '7°']
127;['2°', '3°', '4°', '5°', '6°', '7°']
128;['2°', '3°', '4°', '5°', '6°', '7°']
129;['2°', '3°', '4°', '5°', '6°', '7°']
130;['2°', '3°', '4°', '5°', '6°', '7°']
131;['2°', '3°', '4°', '5°', '6°', '7°']
132;['1°', '2°', '3°', '4°', '5°', '6°', '7°']
133;['2°', '3°', '4°', '5°', '6°', '7°']
134;['2°', '3°', '4°', '5°', '6°', '7°']
135;['1°', '2°', '3°', '4°', '5°', '6°', '7°']
136;['2°', '3°', '4°', '5°', '6°', '7°']
137;['2°', '3°', '4°', '5°', '6°', '7°']
138;['2°', '3°', '4°', '5°', '6°', '7°']
139;['2°', '3°', '4°', '5°', '6°', '7°']
140;['1°', '2°', '3°', '4°', '5°', '6°', '7°']
141;['2°', '3°', '4°', '5°', '6°', '7°']
142;['2°', '3°', '4°', '5°', '6°', '7°']
143;['2°', '3°', '4°', '5°', '6°', '7°']
144;['2°', '3°', '4°', '5°', '6°', '7°']
145;['2°', '3°', '4°', '5°', '6°', '7°']
146;['2°', '3°', '4°', '5°', '6°', '7°']
147;['2°', '3°', '4°', '5°', '6°', '7°']
148;['2°', '3°', '4°', '5°', '6°', '7°']
149;['2°', '3°', '4°', '5°', '6°', '7°']
150;['2°', '3°', '4°', '5°', '6°', '7°']
151;['2°', '3°', '4°', '5°', '6°', '7°']
152;['2°', '3°', '4°', '5°', '6°', '7°']
153;['2°', '3°', '4°', '5°', '6°', '7°']
154;['2°', '3°', '4°', '5°', '6°', '7°']
156;['2°', '3°', '4°', '5°', '6°', '7°']
157;['1°', '2°', '3°', '4°', '5°', '6°', '7°']
158;['2°', '3°', '4°', '5°', '6°', '7°']
159;['2°', '3°', '4°', '5°', '6°', '7°']
160;['2°', '3°', '4°', '5°', '6°', '7°']
161;['1°', '2°', '3°', '4°', '5°', '6°', '7°']
162;['2°', '3°', '4°', '5°', '6°', '7°']
163;['1°', '2°', '3°', '5°', '6°', '7°']
164;['1°', '3°', '4°', '5°', '6°', '7°']
165;['2°', '3°', '4°', '5°', '6°', '7°']
166;['1°', '2°', '3°', '4°', '5°', '6°', '7°']
167;['2°', '3°', '4°', '5°', '6°', '7°']
168;['1°', '2°', '3°', '4°', '5°', '6°', '7°']
169;['1°', '2°', '3°', '5°', '6°', '7°']
170;['2°', '3°', '4°', '5°', '6°', '7°']
171;['2°', '3°', '4°', '5°', '6°', '7°']
172;['1°', '2°', '3°', '4°', '5°', '6°', '7°']
173;['2°', '3°', '4°', '5°', '6°', '7°']
174;['2°', '3°', '4°', '5°', '6°', '7°']
175;['2°', '3°', '4°', '5°', '6°', '7°']
176;['2°', '3°', '4°', '5°', '6°', '7°']
177;['2°', '3°', '4°', '5°', '6°', '7°']
178;['1°', '2°', '3°', '4°', '5°', '6°', '7°']
179;['2°', '3°', '5°', '6°', '7°']
180;['1°', '2°', '3°', '4°', '5°', '6°', '7°']
181;['2°', '3°', '4°', '5°', '6°', '7°']
182;['1°', '2°', '3°', '4°', '5°', '6°', '7°']
183;['2°', '3°', '4°', '5°', '6°', '7°']
184;['2°', '3°', '4°', '5°', '6°', '7°']
185;['2°', '3°', '4°', '5°', '6°', '7°']
186;['2°', '3°', '4°', '5°', '6°', '7°']
187;['1°', '2°', '3°', '4°', '5°', '6°', '7°']
188;['2°', '3°', '4°', '5°', '6°', '7°']
189;['2°', '3°', '4°', '5°', '6°', '7°']
190;['1°', '2°', '3°', '4°', '5°', '6°', '7°']
191;['2°', '3°', '4°', '5°', '6°', '7°']
192;['2°', '3°', '4°', '5°', '6°', '7°']
193;['1°', '2°', '3°', '4°', '6°', '7°']
194;['2°', '3°', '4°', '5°', '6°', '7°']
195;['2°', '3°', '4°', '5°', '6°', '7°']
196;['1°', '2°', '3°', '4°', '5°', '6°']
197;['2°', '3°', '4°', '5°', '6°', '7°']
198;['2°', '3°', '4°', '5°', '6°', '7°']
199;['2°', '3°', '4°', '5°', '6°', '7°']
200;['2°', '3°', '4°', '5°', '6°', '7°']
201;['1°', '2°', '3°', '4°', '5°', '6°', '7°']
202;['2°', '3°', '4°', '5°', '6°', '7°']
203;['1°', '2°', '3°', '4°', '5°', '6°', '7°']
204;['2°', '3°', '4°', '5°', '6°', '7°']
205;['2°', '3°', '4°', '5°', '6°', '7°']
206;['2°', '3°', '4°', '5°', '6°', '7°']
207;['2°', '3°', '4°', '5°', '6°', '7°']
208;['2°', '3°', '4°', '5°', '6°', '7°']
209;['2°', '3°', '4°', '5°', '6°', '7°']
210;['2°', '3°', '4°', '5°', '6°', '7°']
211;['2°', '3°', '4°', '5°', '6°', '7°']
212;['2°', '3°', '4°', '5°', '6°', '7°']
213;['2°', '3°', '4°', '5°', '6°', '7°']
214;['2°', '3°', '4°', '5°', '6°', '7°']
215;['1°', '2°', '3°', '4°', '5°', '6°', '7°']
216;['2°', '3°', '4°', '5°', '6°', '7°']
217;['2°', '3°', '4°', '5°', '6°', '7°']
218;['2°', '3°', '4°', '5°', '6°', '7°']
219;['2°', '3°', '4°', '5°', '6°', '7°']
220;['2°', '3°', '4°', '5°', '6°', '7°']
221;['2°', '3°', '4°', '5°', '6°', '7°']
222;['2°', '3°', '4°', '5°', '6°', '7°']
223;['1°', '2°', '3°', '4°', '5°', '6°', '7°']
224;['2°', '3°', '4°', '5°', '6°', '7°']
227;['2°', '3°', '4°', '5°', '6°', '7°']
228;['2°', '3°', '4°', '5°', '6°', '7°']
229;['2°', '3°', '4°', '5°', '6°', '7°']
230;['2°', '3°', '4°', '5°', '6°', '7°']
231;['2°', '3°', '4°', '5°', '6°', '7°']
232;['2°', '3°', '4°', '5°', '6°', '7°']
233;['1°', '2°', '3°', '4°', '5°', '6°', '7°']
234;['2°', '3°', '4°', '5°', '6°', '7°']
235;['2°', '3°', '4°', '5°', '6°', '7°']
236;['2°', '3°', '4°', '5°', '6°', '7°']
237;['2°', '3°', '4°', '5°', '6°', '7°']
238;['2°', '3°', '4°', '5°', '6°', '7°']
239;['2°', '3°', '4°', '5°', '6°', '7°']
240;['2°', '3°', '4°', '5°', '6°', '7°']
241;['2°', '3°', '4°', '5°', '6°', '7°']
242;['2°', '3°', '4°', '5°', '6°', '7°']
243;['2°', '3°', '4°', '5°', '6°', '7°']
244;['2°', '3°', '4°', '5°', '6°', '7°']
245;['2°', '3°', '4°', '5°', '6°', '7°']
246;['2°', '3°', '4°', '5°', '6°', '7°']
247;['2°', '3°', '4°', '5°', '6°', '7°']
248;['1°', '2°', '3°', '5°', '6°', '7°']
250;['2°', '3°', '4°', '5°', '6°', '7°']
251;['2°', '3°', '4°', '5°', '6°', '7°']
252;['2°', '3°', '4°', '5°', '6°', '7°']
253;['2°', '3°', '4°', '5°', '6°', '7°']
254;['1°', '2°', '3°', '4°', '5°', '6°', '7°']
255;['2°', '3°', '4°', '5°', '6°', '7°']
256;['2°', '3°', '4°', '5°', '6°', '7°']
257;['1°', '2°', '3°', '4°', '5°', '6°', '7°']
258;['2°', '3°', '4°', '5°', '6°', '7°']
259;['2°', '3°', '4°', '5°', '6°', '7°']
260;['2°', '3°', '4°', '5°', '6°', '7°']
261;['2°', '3°', '4°', '5°', '6°', '7°']
262;['2°', '3°', '4°', '5°', '6°', '7°']
263;['1°', '2°', '3°', '4°', '5°', '6°', '7°']
264;['2°', '3°', '4°', '5°', '6°', '7°']
265;['2°', '3°', '4°', '5°', '6°', '7°']
266;['2°', '3°', '4°', '5°', '6°', '7°']
267;['2°', '3°', '4°', '5°', '6°', '7°']
268;['2°', '3°', '4°', '5°', '6°', '7°']
269;['2°', '3°', '4°', '5°', '6°', '7°']
270;['1°', '2°', '3°', '4°', '5°', '6°', '7°']
271;['2°', '3°', '4°', '5°', '6°', '7°']
273;['2°', '3°', '4°', '5°', '6°', '7°']
274;['2°', '3°', '4°', '5°', '6°', '7°']
275;['2°', '3°', '4°', '5°', '6°', '7°']
276;['2°', '3°', '4°', '5°', '6°', '7°']
277;['1°', '2°', '3°', '4°', '5°', '6°', '7°']
278;['1°', '2°', '3°', '4°', '5°', '6°', '7°']
279;['2°', '3°', '4°', '5°', '6°', '7°']
280;['2°', '3°', '4°', '5°', '6°', '7°']
281;['1°', '2°', '3°', '4°', '5°', '6°', '7°']
282;['1°', '2°', '3°', '4°', '5°', '6°', '7°']
283;['2°', '3°', '4°', '5°', '6°', '7°']
284;['1°', '2°', '3°', '4°', '6°', '7°']
285;['2°', '3°', '4°', '5°', '6°', '7°']
286;['2°', '3°', '4°', '5°', '6°', '7°']
287;['2°', '3°', '4°', '5°', '6°', '7°']
288;['2°', '3°', '4°', '5°', '6°', '7°']
289;['2°', '3°', '4°', '5°', '6°', '7°']
290;['2°', '3°', '4°', '5°', '6°', '7°']
292;['2°', '3°', '4°', '5°', '6°', '7°']
293;['2°', '3°', '4°', '5°', '6°', '7°']
294;['2°', '3°', '4°', '5°', '6°', '7°']
295;['1°', '2°', '3°', '4°', '5°', '6°', '7°']
296;['2°', '3°', '4°', '5°', '6°', '7°']
297;['1°', '2°', '3°', '4°', '5°', '6°', '7°']
298;['1°', '2°', '3°', '4°', '5°', '6°', '7°']
299;['1°', '2°', '3°', '4°', '5°', '6°', '7°']
300;['2°', '3°', '4°', '5°', '6°', '7°']
301;['2°', '3°', '4°', '5°', '6°', '7°']
302;['1°', '2°', '3°', '4°', '5°', '6°', '7°']
303;['1°', '2°', '3°', '4°', '5°', '6°', '7°']
304;['1°', '2°', '3°', '4°', '5°', '6°', '7°']
305;['1°', '2°', '3°', '4°', '5°', '6°', '7°']
306;['2°', '3°', '4°', '5°', '6°', '7°']
307;['2°', '3°', '4°', '5°', '6°', '7°']
308;['3°', '4°', '5°', '7°']
309;['1°', '2°', '3°', '4°', '5°', '6°', '7°']
310;['1°', '3°', '4°', '5°', '6°', '7°']
311;['2°', '3°', '4°', '5°', '6°', '7°']
312;['1°', '2°', '3°', '4°', '5°', '6°', '7°']
313;['1°', '3°', '4°', '5°', '6°', '7°']
314;['2°', '3°', '4°', '5°', '6°', '7°']
315;['1°', '2°', '3°', '4°', '5°', '6°', '7°']
316;['2°', '3°', '4°', '5°', '6°', '7°']
317;['1°', '2°', '3°', '4°', '5°', '6°', '7°']
318;['1°', '2°', '3°', '4°', '7°']
319;['1°', '2°', '3°', '4°', '5°', '6°', '7°']
320;['1°', '2°', '3°', '4°', '5°', '6°', '7°']
321;['2°', '3°', '4°', '5°', '6°', '7°']
322;['2°', '3°', '4°', '5°', '6°', '7°']
323;['2°', '3°', '4°', '5°', '6°', '7°']
324;['2°', '3°', '4°', '5°', '6°', '7°']
325;['2°', '3°', '4°', '5°', '6°', '7°']
326;['1°', '2°', '3°', '4°', '5°', '6°', '7°']
327;['2°', '3°', '4°', '5°', '6°', '7°']
328;['1°', '2°', '3°', '4°', '5°', '6°', '7°']
329;['2°', '3°', '4°', '5°', '6°', '7°']
330;['2°', '3°', '4°', '5°', '6°', '7°']
331;['2°', '3°', '4°', '5°', '6°', '7°']
332;['2°', '3°', '4°', '5°', '6°', '7°']
333;['2°', '3°', '4°', '5°', '6°', '7°']
334;['2°', '3°', '4°', '5°', '6°', '7°']
335;['2°', '3°', '4°', '5°', '6°', '7°']
336;['2°', '3°', '4°', '5°', '6°', '7°']
337;['2°', '3°', '4°', '5°', '6°', '7°']
338;['1°', '2°', '3°', '4°', '5°', '6°', '7°']
339;['1°', '2°', '3°', '4°', '5°', '6°', '7°']
340;['2°', '3°', '4°', '5°', '6°', '7°']
341;['1°', '2°', '3°', '4°', '5°', '6°', '7°']
342;['1°', '2°', '3°', '4°', '5°', '6°', '7°']
343;['2°', '3°', '4°', '5°', '6°', '7°']
344;['2°', '3°', '4°', '5°', '6°', '7°']
345;['2°', '3°', '4°', '5°', '6°', '7°']
346;['2°', '3°', '4°', '5°', '6°', '7°']
347;['2°', '3°', '4°', '5°', '6°', '7°']
348;['1°', '2°', '3°', '4°', '5°', '6°', '7°']
349;['1°', '2°', '3°', '4°', '6°']
351;['2°', '3°', '4°', '5°', '6°', '7°']
352;['2°', '3°', '4°', '5°', '6°', '7°']
353;['2°', '3°', '4°', '5°', '6°', '7°']
354;['2°', '3°', '4°', '5°', '6°', '7°']
355;['1°', '2°', '3°', '4°', '5°', '6°', '7°']
356;['2°', '3°', '4°', '5°', '6°', '7°']
357;['1°', '2°', '3°', '4°', '5°', '6°', '7°']
358;['1°', '2°', '3°', '4°', '5°', '6°', '7°']
359;['1°', '2°', '3°', '4°', '5°', '6°', '7°']
360;['2°', '3°', '4°', '5°', '6°', '7°']
362;['2°', '3°', '4°', '5°', '6°', '7°']
363;['2°', '3°', '4°', '5°', '6°', '7°']
364;['2°', '3°', '4°', '5°', '6°', '7°']
365;['1°', '2°', '3°', '4°', '5°', '6°', '7°']
366;['2°', '3°', '4°', '5°', '6°', '7°']
367;['1°', '2°', '3°', '4°', '5°', '6°', '7°']
368;['1°', '2°', '3°', '4°', '5°', '6°', '7°']
369;['1°', '2°', '3°', '4°', '5°', '6°', '7°']
370;['2°', '3°', '4°', '5°', '6°', '7°']
371;['2°', '3°', '4°', '5°', '6°', '7°']
372;['2°', '3°', '4°', '5°', '6°', '7°']
373;['2°', '3°', '4°', '5°', '6°', '7°']
374;['1°', '2°', '3°', '4°', '5°', '6°', '7°']
375;['2°', '3°', '4°', '5°', '6°', '7°']
378;['2°', '3°', '4°', '5°', '6°', '7°']
379;['2°', '3°', '4°', '5°', '6°', '7°']
380;['2°', '3°', '4°', '5°', '6°', '7°']
381;['2°', '3°', '4°', '5°', '6°', '7°']
382;['2°', '3°', '4°', '5°', '6°', '7°']
383;['1°', '2°', '3°', '4°', '5°', '6°', '7°']
384;['2°', '3°', '4°', '5°', '6°', '7°']
385;['2°', '3°', '4°', '5°', '6°', '7°']
386;['2°', '3°', '4°', '5°', '6°', '7°']
387;['1°', '2°', '3°', '5°', '6°', '7°']
388;['1°', '2°', '3°', '4°', '5°', '6°', '7°']
390;['2°', '3°', '4°', '5°', '6°', '7°']
391;['2°', '3°', '4°', '5°', '6°', '7°']
392;['2°', '3°', '4°', '5°', '6°', '7°']
393;['2°', '3°', '4°', '5°', '6°', '7°']
394;['2°', '3°', '4°', '5°', '6°', '7°']
395;['2°', '3°', '4°', '5°', '6°', '7°']
396;['2°', '3°', '4°', '5°', '6°', '7°']
398;['2°', '3°', '4°', '5°', '6°', '7°']
399;['2°', '3°', '4°', '5°', '6°', '7°']
400;['2°', '3°', '4°', '5°', '6°', '7°']
401;['1°', '2°', '3°', '4°', '5°', '6°', '7°']
402;['2°', '3°', '4°', '5°', '6°', '7°']
403;['2°', '3°', '4°', '5°', '6°', '7°']
404;['1°', '2°', '4°', '6°']
405;['2°', '3°', '4°', '5°', '6°', '7°']
406;['2°', '3°', '4°', '5°', '6°', '7°']
407;['2°', '3°', '4°', '5°', '6°', '7°']
408;['2°', '3°', '4°', '5°', '6°', '7°']
409;['2°', '3°', '4°', '5°', '6°', '7°']
410;['2°', '3°', '4°', '5°', '6°', '7°']
411;['2°', '3°', '4°', '5°', '6°', '7°']
412;['2°', '3°', '4°', '5°', '6°', '7°']
413;['2°', '3°', '4°', '5°', '6°', '7°']
414;['2°', '3°', '4°', '5°', '6°', '7°']
415;['1°', '2°', '3°', '4°', '5°', '6°', '7°']
416;['2°', '3°', '4°', '5°', '6°', '7°']
417;['2°', '3°', '4°', '5°', '6°', '7°']
418;['2°', '3°', '4°', '5°', '6°', '7°']
420;['2°', '3°', '4°', '5°', '6°', '7°']
421;['1°', '2°', '3°', '4°', '5°', '6°', '7°']
422;['2°', '3°', '4°', '5°', '6°', '7°']
423;['2°', '3°', '4°', '5°', '6°', '7°']
424;['2°', '3°', '4°', '5°', '6°', '7°']
425;['2°', '3°', '4°', '5°', '6°', '7°']
426;['2°', '3°', '4°', '5°', '6°', '7°']
427;['2°', '3°', '4°', '5°', '6°', '7°']
428;['2°', '3°', '4°', '5°', '6°', '7°']
429;['2°', '3°', '4°', '5°', '6°', '7°']
430;['2°', '3°', '4°', '5°', '6°', '7°']
431;['2°', '3°', '4°', '5°', '6°', '7°']
432;['2°', '3°', '4°', '5°', '6°', '7°']
433;['1°', '2°', '3°', '4°', '5°', '6°', '7°']
434;['2°', '3°', '4°', '5°', '6°', '7°']
435;['2°', '3°', '4°', '5°', '6°', '7°']
436;['2°', '3°', '4°', '5°', '6°', '7°']
437;['2°', '3°', '4°', '5°', '6°', '7°']
438;['1°', '2°', '3°', '4°', '5°', '6°', '7°']
439;['1°', '2°', '3°', '4°', '5°', '6°', '7°']
440;['2°', '3°', '4°', '5°', '6°', '7°']
441;['2°', '3°', '4°', '5°', '6°', '7°']
442;['2°', '3°', '4°', '5°', '6°', '7°']
443;['1°', '2°', '3°', '4°', '5°', '6°', '7°']
444;['1°', '2°', '3°', '4°', '5°', '6°', '7°']
445;['1°', '2°', '3°', '4°', '5°', '6°', '7°']
446;['2°', '3°', '4°', '5°', '6°', '7°']
447;['1°', '2°', '3°', '4°', '5°', '6°', '7°']
448;['2°', '3°', '4°', '5°', '6°', '7°']
449;['2°', '3°', '4°', '5°', '6°', '7°']
450;['2°', '3°', '4°', '5°', '6°', '7°']
451;['2°', '3°', '4°', '5°', '6°', '7°']
452;['2°', '3°', '4°', '5°', '6°', '7°']
453;['2°', '3°', '4°', '5°', '6°', '7°']
454;['2°', '3°', '4°', '5°', '6°', '7°']
455;['2°', '3°', '4°', '5°', '6°', '7°']
456;['2°', '3°', '4°', '5°', '6°', '7°']
457;['2°', '3°', '4°', '5°', '6°', '7°']
458;['2°', '3°', '4°', '5°', '6°', '7°']
459;['1°', '2°', '4°', '5°', '6°', '7°']
460;['2°', '3°', '4°', '5°', '6°', '7°']
461;['2°', '3°', '4°', '5°', '6°', '7°']
462;['1°', '2°', '3°', '4°', '5°', '6°', '7°']
463;['2°', '3°', '4°', '5°', '6°', '7°']
464;['2°', '3°', '4°', '5°', '6°', '7°']
465;['2°', '3°', '4°', '5°', '6°', '7°']
467;['2°', '3°', '4°', '5°', '6°', '7°']
468;['1°', '2°', '3°', '4°', '5°', '6°']
469;['2°', '3°', '4°', '5°', '6°', '7°']
470;['2°', '3°', '4°', '5°', '6°', '7°']
471;['1°', '2°', '3°', '4°', '5°', '6°', '7°']
472;['2°', '3°', '4°', '5°', '6°', '7°']
473;['1°', '2°', '3°', '4°', '5°', '6°', '7°']
474;['2°', '3°', '4°', '5°', '6°', '7°']
475;['3°', '5°', '6°']
476;['1°', '2°', '3°', '4°', '5°', '6°', '7°']
477;['2°', '3°', '4°', '5°', '6°', '7°']
478;['2°', '3°', '4°', '5°', '6°', '7°']
479;['2°', '3°', '4°', '5°', '6°', '7°']
480;['2°', '3°', '4°', '5°', '6°', '7°']
481;['2°', '3°', '4°', '5°', '6°', '7°']
482;['2°', '3°', '4°', '5°', '6°', '7°']
483;['2°', '3°', '4°', '5°', '6°', '7°']
484;['2°', '3°', '4°', '5°', '6°', '7°']
485;['2°', '3°', '4°', '5°', '6°', '7°']
486;['2°', '3°', '4°', '5°', '6°', '7°']
487;['2°', '3°', '4°', '5°', '6°', '7°']
488;['2°', '3°', '4°', '5°', '6°', '7°']
489;['2°', '3°', '4°', '5°', '6°', '7°']
490;['2°', '3°', '4°', '5°', '6°', '7°']
491;['2°', '3°', '4°', '5°', '6°', '7°']
492;['2°', '3°', '4°', '5°', '6°', '7°']
493;['2°', '3°', '4°', '5°', '6°', '7°']
494;['2°', '3°', '4°', '5°', '6°', '7°']
495;['1°', '3°', '4°', '5°', '6°', '7°']
497;['2°', '3°', '4°', '5°', '6°', '7°']
498;['2°', '3°', '4°', '5°', '6°', '7°']
499;['2°', '3°', '4°', '5°', '6°', '7°']
500;['2°', '3°', '4°', '5°', '6°', '7°']
501;['1°', '2°', '3°', '4°', '5°', '6°', '7°']
502;['1°', '2°', '3°', '4°', '5°', '6°', '7°']
503;['1°', '2°', '3°', '4°', '5°', '6°', '7°']
504;['2°', '3°', '4°', '5°', '6°', '7°']
505;['1°', '2°', '3°', '4°', '5°', '6°', '7°']
506;['1°', '4°', '5°']
507;['2°', '3°', '4°', '5°', '6°', '7°']
508;['2°', '3°', '4°', '5°', '6°', '7°']
509;['2°', '3°', '4°', '5°', '6°', '7°']
510;['2°', '3°', '4°', '5°', '6°', '7°']
511;['1°', '2°', '3°', '4°', '5°', '6°', '7°']
512;['2°', '3°', '4°', '5°', '6°', '7°']
513;['2°', '3°', '4°', '5°', '6°', '7°']
514;['2°', '3°', '4°', '5°', '6°', '7°']
515;['2°', '3°', '4°', '5°', '6°', '7°']
516;['2°', '3°', '4°', '5°', '6°', '7°']
517;['2°', '3°', '4°', '5°', '6°', '7°']
518;['2°', '3°', '4°', '5°', '6°', '7°']
519;['2°', '3°', '4°', '5°', '6°', '7°']
520;['2°', '3°', '4°', '5°', '6°', '7°']
521;['2°', '3°', '4°', '5°', '6°', '7°']
522;['2°', '3°', '4°', '5°', '6°', '7°']
523;['2°', '3°', '4°', '5°', '6°', '7°']
524;['2°', '3°', '4°', '5°', '6°', '7°']
525;['2°', '3°', '4°', '5°', '6°', '7°']
526;['2°', '3°', '4°', '5°', '6°', '7°']
527;['2°', '3°', '4°', '5°', '6°', '7°']
528;['2°', '3°', '4°', '5°', '6°', '7°']
529;['2°', '3°', '4°', '5°', '6°', '7°']
531;['2°', '3°', '4°', '5°', '6°', '7°']
533;['2°', '3°', '4°', '5°', '6°', '7°']
534;['2°', '3°', '4°', '5°', '6°', '7°']
535;['2°', '3°', '4°', '5°', '6°', '7°']
536;['2°', '3°', '4°', '5°', '6°', '7°']
537;['2°', '3°', '4°', '5°', '6°', '7°']
538;['2°', '3°', '4°', '5°', '6°', '7°']
539;['2°', '3°', '4°', '5°', '6°', '7°']
540;['2°', '3°', '4°', '5°', '6°', '7°']
541;['2°', '3°', '4°', '5°', '6°', '7°']
542;['1°', '2°', '3°', '4°', '5°', '6°', '7°']
543;['2°', '3°', '4°', '5°', '6°', '7°']
544;['2°', '3°', '4°', '5°', '6°', '7°']
545;['2°', '3°', '4°', '5°', '6°', '7°']
546;['2°', '3°', '4°', '5°', '6°', '7°']
548;['2°', '3°', '4°', '5°', '6°', '7°']
549;['2°', '3°', '4°', '5°', '6°', '7°']
550;['2°', '3°', '4°', '5°', '6°', '7°']
552;['2°', '3°', '4°', '5°', '6°', '7°']
553;['2°', '3°', '4°', '5°', '6°', '7°']
554;['2°', '3°', '4°', '5°', '6°', '7°']
555;['2°', '3°', '4°', '5°', '6°', '7°']
556;['2°', '3°', '4°', '5°', '6°', '7°']
557;['2°', '3°', '4°', '5°', '6°', '7°']
558;['2°', '3°', '4°', '5°', '6°', '7°']
559;['1°', '2°', '3°', '4°', '5°', '6°', '7°']
560;['2°', '3°', '4°', '5°', '6°', '7°']
561;['2°', '3°', '4°', '5°', '6°', '7°']
562;['2°', '3°', '4°', '5°', '6°', '7°']
563;['2°', '3°', '4°', '5°', '6°', '7°']
564;['2°', '3°', '4°', '5°', '6°', '7°']
565;['2°', '3°', '4°', '5°', '6°', '7°']
566;['2°', '3°', '4°', '5°', '6°', '7°']
567;['2°', '3°', '4°', '5°', '6°', '7°']
568;['2°', '3°', '4°', '5°', '6°', '7°']
569;['2°', '3°', '4°', '5°', '6°', '7°']
570;['2°', '3°', '4°', '5°', '6°', '7°']
571;['2°', '3°', '4°', '5°', '6°', '7°']
572;['2°', '3°', '4°', '5°', '6°', '7°']
573;['2°', '3°', '4°', '5°', '6°', '7°']
574;['2°', '3°', '4°', '5°', '6°', '7°']
575;['2°', '3°', '4°', '5°', '6°', '7°']
576;['2°', '3°', '4°', '5°', '6°', '7°']
577;['2°', '3°', '4°', '5°', '6°', '7°']
578;['2°', '3°', '4°', '5°', '6°', '7°']
579;['2°', '3°', '4°', '5°', '6°', '7°']
580;['2°', '3°', '4°', '5°', '6°', '7°']
581;['2°', '3°', '4°', '5°', '6°', '7°']
582;['2°', '3°', '4°', '5°', '6°', '7°']
583;['2°', '3°', '4°', '5°', '6°', '7°']
584;['2°', '3°', '4°', '5°', '6°', '7°']
585;['2°', '3°', '4°', '5°', '6°', '7°']
586;['2°', '3°', '4°', '5°', '6°', '7°']
587;['2°', '3°', '4°', '5°', '6°', '7°']
588;['2°', '3°', '4°', '5°', '6°', '7°']
589;['2°', '3°', '4°', '5°', '6°', '7°']
590;['2°', '3°', '4°', '5°', '6°', '7°']
591;['2°', '3°', '4°', '5°', '6°', '7°']
592;['2°', '3°', '4°', '5°', '6°', '7°']
593;['2°', '3°', '4°', '5°', '6°', '7°']
594;['2°', '3°', '4°', '5°', '6°', '7°']
595;['2°', '3°', '4°', '5°', '6°', '7°']
596;['2°', '3°', '4°', '5°', '6°', '7°']
597;['2°', '3°', '4°', '5°', '6°', '7°']
598;['2°', '3°', '4°', '5°', '6°', '7°']
599;['2°', '3°', '4°', '5°', '6°', '7°']
600;['2°', '3°', '4°', '5°', '6°', '7°']
601;['2°', '3°', '4°', '5°', '6°', '7°']
602;['2°', '3°', '4°', '5°', '6°', '7°']
603;['2°', '3°', '4°', '5°', '6°', '7°']
604;['2°', '3°', '4°', '5°', '6°', '7°']
605;['2°', '3°', '4°', '5°', '6°', '7°']
606;['2°', '3°', '4°', '5°', '6°', '7°']
607;['2°', '3°', '4°', '5°', '6°', '7°']
608;['2°', '3°', '4°', '5°', '6°', '7°']
609;['2°', '3°', '4°', '5°', '6°', '7°']
610;['2°', '3°', '4°', '5°', '6°', '7°']
611;['2°', '3°', '4°', '5°', '6°', '7°']
612;['2°', '3°', '4°', '5°', '6°', '7°']
613;['2°', '3°', '4°', '5°', '6°', '7°']
614;['1°', '2°', '3°', '4°', '5°', '6°', '7°']
615;['2°', '3°', '4°', '5°', '6°', '7°']
616;['2°', '3°', '4°', '5°', '6°', '7°']
617;['2°', '3°', '4°', '5°', '6°', '7°']
618;['2°', '3°', '4°', '5°', '6°', '7°']
619;['2°', '3°', '4°', '5°', '6°', '7°']
620;['2°', '3°', '4°', '5°', '6°', '7°']
621;['2°', '3°', '4°', '5°', '6°', '7°']
622;['2°', '3°', '4°', '5°', '6°', '7°']
623;['1°', '2°', '3°', '4°', '5°', '6°', '7°']
624;['2°', '3°', '4°', '5°', '6°', '7°']
625;['1°', '2°', '3°', '4°', '5°', '6°', '7°']
626;['1°', '2°', '3°', '4°', '5°', '6°', '7°']
627;['2°', '3°', '4°', '5°', '6°', '7°']
628;['2°', '3°', '4°', '5°', '6°', '7°']
629;['2°', '3°', '4°', '5°', '6°', '7°']
630;['2°', '3°', '4°', '5°', '6°', '7°']
631;['2°', '3°', '4°', '5°', '6°', '7°']
632;['2°', '3°', '4°', '5°', '6°', '7°']
633;['2°', '3°', '4°', '5°', '6°', '7°']
634;['2°', '3°', '4°', '5°', '6°', '7°']
635;['2°', '3°', '4°', '5°', '6°', '7°']
636;['2°', '3°', '4°', '5°', '6°', '7°']
637;['2°', '3°', '4°', '5°', '6°', '7°']
638;['2°', '3°', '4°', '5°', '6°', '7°']
989;['1°', '2°', '3°', '4°', '5°']
990;['1°', '2°', '3°', '4°', '5°', '6°']
991;['1°', '2°', '3°', '4°', '5°', '6°']
992;['1°', '2°', '3°', '4°', '5°', '6°']
993;['1°', '2°', '3°', '4°', '5°', '6°']
994;['1°', '2°', '3°', '4°', '5°', '6°']
995;['1°', '2°', '3°', '4°', '5°', '6°']
996;['1°', '2°', '3°', '4°', '5°']
997;['1°', '2°', '3°', '4°', '5°']
998;['1°', '2°', '3°', '4°', '5°']
999;['1°', '2°', '3°', '4°', '5°', '6°']
1000;['1°', '2°', '3°', '4°', '5°']
1001;['1°', '2°', '3°', '4°', '5°', '6°']
1002;['1°', '2°', '3°', '4°', '5°']
1003;['1°', '2°', '3°', '4°', '5°', '6°']
1004;['1°', '2°', '3°', '4°', '5°', '6°']
1005;['1°', '2°', '3°', '4°', '5°', '6°']
1006;['1°', '2°', '3°', '4°', '5°', '6°']
1007;['1°', '2°', '3°', '4°', '5°', '6°']
1008;['1°', '2°', '3°', '4°', '5°', '6°']
1009;['1°', '2°', '3°', '4°', '5°', '6°']
1010;['1°', '2°', '3°', '4°', '5°', '6°']
1011;['1°', '2°', '3°', '4°', '5°']
1012;['1°', '2°', '3°', '4°', '5°']
1013;['1°', '2°', '3°', '4°', '5°', '6°']
1014;['1°', '2°', '3°', '4°', '5°', '6°']
1015;['1°', '2°', '3°', '4°', '5°', '6°']
1016;['1°', '2°', '3°', '4°', '5°']
1017;['1°', '2°', '3°', '4°', '5°', '6°']
1018;['1°', '2°', '3°', '4°', '5°', '6°']
1019;['1°', '2°', '3°', '4°', '5°']
1020;['1°', '2°', '3°', '4°', '5°']
1021;['1°', '2°', '3°', '4°', '5°']
1022;['1°', '2°', '3°', '4°', '5°', '6°']
1023;['1°', '2°', '3°', '4°', '5°', '6°']
1024;['1°', '2°', '3°', '4°', '5°', '6°']
1025;['1°', '2°', '3°', '4°', '5°', '6°']
1026;['1°', '2°', '3°', '4°', '5°', '6°']
1027;['1°', '2°', '3°', '4°', '5°', '6°']
1028;['1°', '2°', '3°', '4°', '5°']
1029;['1°', '2°', '3°', '4°', '5°']
1030;['1°', '2°', '3°', '4°', '5°']
1031;['1°', '2°', '3°', '4°', '5°', '6°']
1032;['1°', '2°', '3°', '4°', '5°', '6°']
1033;['1°', '2°', '3°', '4°', '5°']
1034;['1°', '2°', '3°', '4°', '5°', '6°']
1035;['1°', '2°', '3°', '4°', '5°']
1036;['1°', '2°', '3°', '4°', '5°']
1037;['1°', '2°', '3°', '4°', '5°']
1038;['1°', '2°', '3°', '4°', '5°']
1039;['1°', '2°', '3°', '4°', '5°']
1040;['1°', '2°', '3°', '4°', '5°']
1041;['1°', '2°', '3°', '4°', '5°', '6°']
1042;['1°', '2°', '3°', '4°', '5°']
1043;['1°', '2°', '3°', '4°', '5°', '6°']
1044;['1°', '2°', '3°', '4°', '5°']
1045;['1°', '2°', '3°', '4°', '5°']
1046;['1°', '2°', '3°', '4°', '5°']
1047;['1°', '2°', '3°', '4°', '5°']
1048;['1°', '2°', '3°', '4°', '5°']
1049;['1°', '2°', '3°', '4°', '5°']
1050;['1°', '2°', '3°', '4°', '5°', '6°']
1051;['1°', '2°', '3°', '4°', '5°', '6°']
1052;['1°', '2°', '3°', '4°', '5°', '6°']
1053;['1°', '2°', '3°', '4°', '5°']
1054;['1°', '2°', '3°', '4°', '5°']
1055;['1°', '2°', '3°', '4°', '5°']
1056;['1°', '2°', '3°', '4°', '5°']
1057;['1°', '2°', '3°', '4°', '5°']
1058;['1°', '2°', '3°', '4°', '5°']
1059;['1°', '2°', '3°', '4°', '5°']
1060;['1°', '2°', '3°', '4°', '5°']
1061;['1°', '2°', '3°', '4°', '5°']
1062;['1°', '2°', '3°', '4°', '5°']
1063;['1°', '2°', '3°', '4°', '5°']
1064;['1°', '2°', '3°', '4°', '5°']
1065;['1°', '2°', '3°', '4°', '5°', '6°']
1066;['1°', '2°', '3°', '4°', '5°']
1067;['1°', '2°', '3°', '4°', '5°']
1069;['1°', '2°', '3°', '4°', '5°', '6°']
1070;['1°', '2°', '3°', '4°', '5°']
1071;['1°', '2°', '3°', '4°', '5°']
1072;['1°', '2°', '3°', '4°', '5°']
1073;['1°', '2°', '3°', '4°', '5°']
1074;['1°', '2°', '3°', '4°', '5°']
1075;['1°', '2°', '3°', '4°', '5°']
1076;['1°', '2°', '3°', '4°', '5°']
1077;['1°', '2°', '3°', '4°', '5°']
1078;['1°', '2°', '3°', '4°', '5°']
1079;['1°', '2°', '3°', '4°', '5°']
1080;['1°', '2°', '3°', '4°', '5°']
1081;['1°', '2°', '3°', '4°', '5°']
1082;['1°', '2°', '3°', '4°', '5°']
1083;['1°', '2°', '3°', '4°', '5°']
1084;['1°', '2°', '3°', '4°', '5°']
1085;['1°', '2°', '3°', '4°', '5°']
1086;['1°', '2°', '3°', '4°', '5°']
1087;['1°', '2°', '3°', '4°', '5°']
1088;['1°', '2°', '3°', '4°', '5°']
1089;['1°', '2°', '3°', '4°', '5°']
1090;['1°', '2°', '3°', '4°', '5°']
1091;['1°', '2°', '3°', '4°', '5°']
1092;['1°', '2°', '3°', '4°', '5°', '6°']
1093;['1°', '2°', '3°', '4°', '5°', '6°']
1094;['1°', '2°', '3°', '4°', '5°', '6°']
1095;['1°', '2°', '3°', '4°', '5°', '6°']
1096;['1°', '2°', '3°', '4°', '5°', '6°']
1097;['1°', '2°', '3°', '4°', '5°', '6°']
1098;['1°', '2°', '3°', '4°', '5°', '6°']
1099;['1°', '2°', '3°', '4°', '5°', '6°']
1100;['1°', '2°', '3°', '4°', '5°', '6°']
1101;['1°', '2°', '3°', '4°', '5°', '6°']
1102;['1°', '2°', '3°', '4°', '5°', '6°']
1103;['1°', '2°', '3°', '4°', '5°']
1104;['1°', '2°', '3°', '4°', '5°', '6°']
1105;['1°', '2°', '3°', '4°', '5°', '6°']
1106;['1°', '2°', '3°', '4°', '5°', '6°']
1107;['1°', '2°', '3°', '4°', '5°', '6°']
1108;['1°', '2°', '3°', '4°', '5°', '6°']
1109;['1°', '2°', '3°', '4°', '5°', '6°']
1110;['1°', '2°', '3°', '4°', '5°', '6°']
1111;['1°', '2°', '3°', '4°', '5°', '6°']
1112;['1°', '2°', '3°', '4°', '5°', '6°']
1115;['1°', '2°', '3°', '4°', '5°']
1116;['1°', '2°', '3°', '4°', '5°']
1117;['1°', '2°', '3°', '4°', '5°']
1118;['1°', '2°', '3°', '4°', '5°']
1119;['1°', '2°', '3°', '4°', '5°']
1120;['1°', '2°', '3°', '4°', '5°', '6°']
1121;['1°', '2°', '3°', '4°', '5°']
1122;['1°', '2°', '3°', '4°', '5°']
1123;['1°', '2°', '3°', '4°', '5°']
1124;['1°', '2°', '3°', '4°', '5°']
1125;['1°', '2°', '3°', '4°', '5°']
1126;['1°', '2°', '3°', '4°', '5°']
1127;['1°', '2°', '3°', '4°', '5°']
1128;['1°', '2°', '3°', '4°', '5°']
1129;['1°', '2°', '3°', '4°', '5°']
1131;['1°', '2°', '3°', '4°', '5°']
1132;['1°', '2°', '3°', '4°', '5°']
1133;['1°', '2°', '3°', '4°', '5°', '6°']
1134;['1°', '2°', '3°', '4°', '5°']
1135;['1°', '2°', '3°', '4°', '5°']
1136;['1°', '2°', '3°', '4°', '5°']
1137;['1°', '2°', '3°', '4°', '5°']
1138;['1°', '2°', '3°', '4°', '5°']
1139;['1°', '2°', '3°', '4°', '5°']
1140;['1°', '2°', '3°', '4°', '5°']
1141;['1°', '2°', '3°', '4°', '5°']
1142;['1°', '2°', '3°', '4°', '5°']
1143;['1°', '2°', '3°', '4°', '5°']
1144;['1°', '2°', '3°', '4°', '5°']
1145;['1°', '2°', '3°', '4°', '5°']
1146;['1°', '2°', '3°', '4°', '5°']
1147;['1°', '2°', '3°', '4°', '5°']
1148;['1°', '2°', '3°', '4°', '5°', '6°']
1149;['1°', '2°', '3°', '4°', '5°', '6°']
1150;['1°', '2°', '3°', '4°', '5°']
1151;['1°', '2°', '3°', '4°', '5°']
1152;['1°', '2°', '3°', '4°', '5°']
1153;['1°', '2°', '3°', '4°', '5°']
1154;['1°', '2°', '3°', '4°', '5°', '6°']
1155;['1°', '2°', '3°', '4°', '5°']
1156;['1°', '2°', '3°', '4°', '5°']
1157;['1°', '2°', '3°', '4°', '5°']
1158;['1°', '2°', '3°', '4°', '5°']
1159;['1°', '2°', '3°', '4°', '5°', '6°']
1160;['1°', '2°', '3°', '4°', '5°']
1161;['1°', '2°', '3°', '4°', '5°']
1162;['1°', '2°', '3°', '4°', '5°']
1163;['1°', '2°', '3°', '4°', '5°']
1164;['1°', '2°', '3°', '4°', '5°']
1165;['1°', '2°', '3°', '4°', '5°']
1166;['1°', '2°', '3°', '4°', '5°']
1167;['1°', '2°', '3°', '4°', '5°']
1168;['1°', '2°', '3°', '4°', '5°']
1169;['1°', '2°', '3°', '4°', '5°']
1170;['1°', '2°', '3°', '4°', '5°', '6°']
1171;['1°', '2°', '3°', '4°', '5°']
1172;['1°', '2°', '3°', '4°', '5°']
1173;['1°', '2°', '3°', '4°', '5°', '6°']
1174;['1°', '2°', '3°', '4°', '5°']
1175;['1°', '2°', '3°', '4°', '5°']
1176;['1°', '2°', '3°', '4°', '5°', '6°']
1177;['1°', '2°', '3°', '4°', '5°']
1178;['1°', '2°', '3°', '4°', '5°']
1179;['1°', '2°', '3°', '4°', '5°', '6°']
1180;['1°', '2°', '3°', '4°', '5°']
1181;['1°', '2°', '3°', '4°', '5°', '6°']
1182;['1°', '2°', '3°', '4°', '5°']
1183;['1°', '2°', '3°', '4°', '5°']
1184;['1°', '2°', '3°', '4°', '5°']
1185;['1°', '2°', '3°', '4°', '5°', '6°']
1186;['1°', '2°', '3°', '4°', '5°', '6°']
1187;['1°', '2°', '3°', '4°', '5°']
1188;['1°', '2°', '3°', '4°', '5°']
1189;['1°', '2°', '3°', '4°', '5°']
1190;['1°', '2°', '3°', '4°', '5°']
1191;['1°', '2°', '3°', '4°', '5°', '6°']
1192;['1°', '2°', '3°', '4°', '5°']
1193;['1°', '2°', '3°', '4°', '5°']
1194;['1°', '2°', '3°', '4°', '5°']
1195;['1°', '2°', '3°', '4°', '5°']
1196;['1°', '2°', '3°', '4°', '5°']
1197;['1°', '2°', '3°', '4°', '5°']
1198;['1°', '2°', '3°', '4°', '5°', '6°']
1199;['1°', '2°', '3°', '4°', '5°', '6°']
1200;['1°', '2°', '3°', '4°', '5°', '6°']
1201;['1°', '2°', '3°', '4°', '5°']
1202;['1°', '2°', '3°', '4°', '5°']
1203;['1°', '2°', '3°', '4°', '5°']
1204;['1°', '2°', '3°', '4°', '5°']
1205;['1°', '2°', '3°', '4°', '5°']
1206;['1°', '2°', '3°', '4°', '5°']
1207;['1°', '2°', '3°', '4°', '5°']
1208;['1°', '2°', '3°', '4°', '5°']
1209;['1°', '2°', '3°', '4°', '5°']
1210;['1°', '2°', '3°', '4°', '5°']
1211;['1°', '2°', '3°', '4°', '5°']
1212;['1°', '2°', '3°', '4°', '5°']
1213;['1°', '2°', '3°', '4°', '5°']
1214;['1°', '2°', '3°', '4°', '5°', '6°']
1215;['1°', '2°', '3°', '4°', '5°', '6°']
1216;['1°', '2°', '3°', '4°', '5°']
1217;['1°', '2°', '3°', '4°', '5°']
1218;['1°', '2°', '3°', '4°', '5°']
1219;['1°', '2°', '3°', '4°', '5°']
1220;['1°', '2°', '3°', '4°', '5°']
1221;['1°', '2°', '3°', '4°', '5°']
1222;['1°', '2°', '3°', '4°', '5°']
1223;['1°', '2°', '3°', '4°', '5°']
1224;['1°', '2°', '3°', '4°', '5°']
1225;['1°', '2°', '3°', '4°', '5°', '6°']
1226;['1°', '2°', '3°', '4°', '5°']
1227;['1°', '2°', '3°', '4°', '5°']
1228;['1°', '2°', '3°', '4°', '5°']
1229;['1°', '2°', '3°', '4°', '5°']
1230;['1°', '2°', '3°', '4°', '5°']
1231;['1°', '2°', '3°', '4°', '5°']
1232;['1°', '2°', '3°', '4°', '5°', '6°']
1233;['1°', '2°', '3°', '4°', '5°']
1234;['1°', '2°', '3°', '4°', '5°']
1235;['1°', '2°', '3°', '4°', '5°']
1236;['1°', '2°', '3°', '4°', '5°']
1237;['1°', '2°', '3°', '4°', '5°']
1238;['1°', '2°', '3°', '4°', '5°']
1239;['1°', '2°', '3°', '4°', '5°']
1240;['1°', '2°', '3°', '4°', '5°']
1241;['1°', '2°', '3°', '4°', '5°', '6°']
1242;['1°', '2°', '3°', '4°', '5°']
1243;['1°', '2°', '3°', '4°', '5°']
1244;['1°', '2°', '3°', '4°', '5°']
1245;['1°', '2°', '3°', '4°', '5°']
1246;['1°', '2°', '3°', '4°', '5°']
1247;['1°', '2°', '3°', '4°', '5°']
1402;['1°', '2°', '3°', '4°', '5°', '6°', '7°']
1403;['1°', '2°', '3°', '4°', '5°']
1404;['1°', '3°', '4°', '5°', '6°', '7°']
1405;['1°', '2°', '3°', '4°', '5°', '6°', '7°']
1406;['1°', '2°', '3°', '4°', '5°', '6°', '7°']
1407;['1°', '2°', '4°', '6°', '7°']
1408;['2°', '3°', '4°', '5°', '6°', '7°']
1409;['2°', '3°', '5°', '6°', '7°']
1410;['1°', '2°', '3°', '4°', '5°', '7°']
1411;['1°', '2°', '5°', '6°', '7°']
1412;['2°', '3°', '4°', '5°', '6°', '7°']
1413;['1°', '2°', '3°', '4°', '5°', '6°', '7°']
1414;['2°', '3°', '4°', '5°', '6°', '7°']
1415;['5°']
1416;['1°', '2°', '3°', '4°', '5°', '6°', '7°']
1417;['2°', '3°', '4°', '5°', '6°', '7°']
1418;['1°', '2°', '3°', '4°', '5°', '6°', '7°']
1419;['2°', '3°', '4°', '5°', '6°', '7°']
1420;['1°', '2°', '3°', '4°', '5°', '6°', '7°']
1421;['1°', '2°', '3°', '4°', '5°', '6°', '7°']
1422;['1°', '2°', '3°', '5°', '6°', '7°']
1423;['2°', '3°', '4°', '5°', '6°', '7°']
1424;['1°', '2°', '3°', '4°', '5°', '6°', '7°']
1425;['1°', '2°', '3°', '4°', '5°', '6°']
1426;['1°', '2°', '3°', '4°', '5°', '6°', '7°']
1427;['1°', '2°', '3°', '4°', '5°', '6°', '7°']
1428;['1°', '2°', '3°', '4°', '5°', '6°', '7°']
1430;['1°', '2°', '3°', '4°', '5°', '6°', '7°']
1431;['1°', '2°', '3°', '4°', '5°', '6°', '7°']
1432;['1°', '2°', '4°', '5°', '6°', '7°']
1433;['1°', '2°', '3°', '4°', '5°', '6°', '7°']
1434;['1°', '3°', '4°', '5°', '6°', '7°']
1435;['1°', '2°', '3°', '4°', '5°', '6°', '7°']
1436;['1°', '2°', '3°', '4°', '5°', '6°', '7°']
1437;['1°', '3°', '4°', '5°', '6°']
1438;['1°', '3°', '4°', '5°', '6°', '7°']
1439;['1°', '3°', '4°', '5°', '6°', '7°']
1440;['1°', '2°', '3°', '4°', '5°', '6°', '7°']
1441;['2°', '3°', '4°', '5°', '6°', '7°']
1442;['1°', '2°', '3°', '4°', '5°']
1443;['1°', '2°', '3°', '4°', '5°']
1444;['1°', '2°', '3°', '4°', '5°']
1445;['1°', '2°', '3°', '4°', '5°']
1446;['1°', '2°', '3°', '4°', '5°']
1450;['2°', '3°', '4°', '5°', '6°', '7°']
1451;['2°', '3°', '4°', '5°', '6°', '7°']
1452;['2°', '3°', '4°', '5°', '6°', '7°']
1453;['2°', '3°', '4°', '5°', '6°', '7°']
1584;['1°', '2°', '3°', '4°', '5°', '6°']
1812;['2°', '3°', '4°', '5°', '6°', '7°']
1813;['2°', '3°', '4°', '5°', '6°', '7°']
1814;['2°', '3°', '4°', '5°', '6°', '7°']
1815;['2°', '3°', '4°', '5°', '6°', '7°']
1816;['2°', '3°', '4°', '5°', '6°', '7°']
1817;['2°', '3°', '4°', '5°', '6°', '7°']
1818;['2°', '3°', '4°', '5°', '6°', '7°']
1819;['2°', '3°', '4°', '5°', '6°', '7°']
1820;['2°', '3°', '4°', '5°', '6°', '7°']
1821;['2°', '3°', '4°', '5°', '6°', '7°']
1822;['2°', '3°', '4°', '5°', '6°', '7°']
1823;['2°', '3°', '4°', '5°', '6°', '7°']
1824;['2°', '3°', '4°', '5°', '6°', '7°']
1826;['2°', '3°', '4°', '5°', '6°', '7°']
1827;['2°', '3°', '4°', '5°', '6°', '7°']
1828;['2°', '3°', '4°', '5°', '6°', '7°']
1831;['2°', '3°', '4°', '5°', '6°', '7°']
1832;['2°', '3°', '4°', '5°', '6°', '7°']
1833;['2°', '3°', '4°', '5°', '6°', '7°']
1834;['2°', '3°', '4°', '5°', '6°', '7°']
1835;['2°', '3°', '4°', '5°', '6°', '7°']
1836;['2°', '3°', '4°', '5°', '6°', '7°']
1837;['2°', '3°', '4°', '5°', '6°', '7°']
1838;['2°', '3°', '4°', '5°', '6°', '7°']
1839;['2°', '3°', '4°', '5°', '6°', '7°']
1841;['2°', '3°', '4°', '5°', '6°', '7°']
1842;['2°', '3°', '4°', '5°', '6°', '7°']
1843;['2°', '3°', '4°', '5°', '6°', '7°']
1844;['2°', '3°', '4°', '5°', '6°', '7°']
1845;['2°', '3°', '4°', '5°', '6°', '7°']
1846;['2°', '3°', '4°', '5°', '6°', '7°']
1847;['2°', '3°', '4°', '5°', '6°', '7°']
1849;['2°', '3°', '4°', '5°', '6°', '7°']
1850;['2°', '3°', '4°', '5°', '6°', '7°']
1851;['2°', '3°', '4°', '5°', '6°', '7°']
1852;['2°', '3°', '4°', '5°', '6°', '7°']
1853;['2°', '3°', '4°', '5°', '6°', '7°']
1854;['2°', '3°', '4°', '5°', '6°', '7°']
1855;['2°', '3°', '4°', '5°', '6°', '7°']
1856;['2°', '3°', '4°', '5°', '6°', '7°']
1859;['2°', '3°', '4°', '5°', '6°', '7°']
1860;['2°', '3°', '4°', '5°', '6°', '7°']
1861;['2°', '3°', '4°', '5°', '6°', '7°']
1862;['2°', '3°', '4°', '5°', '6°', '7°']
1863;['2°', '3°', '4°', '5°', '6°', '7°']
1864;['2°', '3°', '4°', '5°', '6°', '7°']
1865;['2°', '3°', '4°', '5°', '6°', '7°']
1867;['2°', '3°', '4°', '5°', '6°', '7°']
1869;['2°', '3°', '4°', '5°', '6°', '7°']
1870;['2°', '3°', '4°', '5°', '6°', '7°']
1871;['2°', '3°', '4°', '5°', '6°', '7°']
1872;['2°', '3°', '4°', '5°', '6°', '7°']
1873;['2°', '3°', '4°', '5°', '6°', '7°']
1874;['2°', '3°', '4°', '5°', '6°', '7°']
1875;['2°', '3°', '4°', '5°', '6°', '7°']
1876;['2°', '3°', '4°', '5°', '6°', '7°']
1877;['2°', '3°', '4°', '5°', '6°', '7°']
1878;['2°', '3°', '4°', '5°', '6°', '7°']
1879;['2°', '3°', '4°', '5°', '6°', '7°']
1880;['2°', '3°', '4°', '5°', '6°', '7°']
1881;['2°', '3°', '4°', '5°', '6°', '7°']
1882;['2°', '3°', '4°', '5°', '6°', '7°']
1883;['2°', '3°', '4°', '5°', '6°', '7°']
1884;['2°', '3°', '4°', '5°', '6°', '7°']
1885;['2°', '3°', '4°', '5°', '6°', '7°']
1886;['2°', '3°', '4°', '5°', '6°', '7°']
1887;['2°', '3°', '4°', '5°', '6°', '7°']
1891;['2°', '3°', '4°', '5°', '6°', '7°']
1893;['2°', '3°', '4°', '5°', '6°', '7°']
1896;['2°', '3°', '4°', '5°', '6°', '7°']
1897;['2°', '3°', '4°', '5°', '6°', '7°']
1899;['2°', '3°', '4°', '5°', '6°', '7°']
1905;['2°', '3°', '4°', '5°', '6°', '7°']
1906;['2°', '3°', '4°', '5°', '6°', '7°']
1908;['2°', '3°', '4°', '5°', '6°', '7°']
1909;['2°', '3°', '4°', '5°', '6°', '7°']
1910;['2°', '3°', '4°', '5°', '6°', '7°']
1913;['2°', '3°', '4°', '5°', '6°', '7°']
1914;['2°', '3°', '4°', '5°', '6°', '7°']
1917;['2°', '3°', '4°', '5°', '6°', '7°']
1918;['2°', '3°', '4°', '5°', '6°', '7°']
1919;['2°', '3°', '4°', '5°', '6°', '7°']
1921;['2°', '3°', '4°', '5°', '6°', '7°']
1922;['2°', '3°', '4°', '5°', '6°', '7°']
1923;['2°', '3°', '4°', '5°', '6°', '7°']
1926;['2°', '3°', '4°', '5°', '6°', '7°']
1932;['2°', '3°', '4°', '5°', '6°', '7°']
1933;['2°', '3°', '4°', '5°', '6°', '7°']
1934;['2°', '3°', '4°', '5°', '6°', '7°']
1935;['2°', '3°', '4°', '5°', '6°', '7°']
1936;['2°', '3°', '4°', '5°', '6°', '7°']
1947;['1°', '2°', '3°', '4°', '5°']
1948;['1°', '2°', '3°', '4°', '5°']
1949;['1°', '2°', '3°', '4°', '5°']
1950;['1°', '2°', '3°', '4°', '5°']
1951;['1°', '2°', '3°', '4°', '5°']
1952;['1°', '2°', '3°', '4°', '5°']
1953;['1°', '2°', '3°', '4°', '5°']
1954;['1°', '2°', '3°', '4°', '5°']
1955;['1°', '2°', '3°', '4°', '5°']
1956;['1°', '2°', '3°', '4°', '5°']
1957;['1°', '2°', '3°', '4°', '5°']
1958;['1°', '2°', '3°', '4°', '5°']
1959;['1°', '2°', '3°', '4°', '5°']
1960;['1°', '2°', '3°', '4°', '5°']
1961;['1°', '2°', '3°', '4°', '5°']
1962;['1°', '2°', '3°', '4°', '5°']
1963;['1°', '2°', '3°', '4°', '5°']
1964;['1°', '2°', '3°', '4°', '5°']
1965;['1°', '2°', '3°', '4°', '5°', '6°']
1966;['1°', '2°', '3°', '4°', '5°']
1967;['1°', '2°', '3°', '4°', '5°']
1969;['1°', '2°', '3°', '4°', '5°']
1970;['1°', '2°', '3°', '4°', '5°']
1971;['1°', '2°', '3°', '4°', '5°']
1972;['1°', '2°', '3°', '4°', '5°']
1973;['1°', '2°', '3°', '4°', '5°']
1974;['1°', '2°', '3°', '4°', '5°']
1975;['1°', '2°', '3°', '4°', '5°']
1977;['1°', '2°', '3°', '4°', '5°']
1978;['1°', '2°', '3°', '4°', '5°']
1979;['1°', '2°', '3°', '4°', '5°']
1980;['1°', '2°', '3°', '4°', '5°']
1981;['1°', '2°', '3°', '4°', '5°', '6°']
1983;['1°', '2°', '3°', '4°', '5°']
1984;['1°', '2°', '3°', '4°', '5°']
1985;['1°', '2°', '3°', '4°', '5°']
1986;['1°', '2°', '3°', '4°', '5°']
1987;['1°', '2°', '3°', '4°', '5°']
1988;['1°', '2°', '3°', '4°', '5°']
1989;['1°', '2°', '3°', '4°', '5°']
1990;['1°', '2°', '3°', '4°', '5°']
1991;['1°', '2°', '3°', '4°', '5°']
1992;['1°', '2°', '3°', '4°', '5°']
1993;['1°', '2°', '3°', '4°', '5°']
1994;['1°', '2°', '3°', '4°', '5°']
1995;['1°', '2°', '3°', '4°', '5°']
1996;['1°', '2°', '3°', '4°', '5°']
1997;['2°', '3°', '4°', '5°', '6°', '7°']
1998;['1°', '2°', '3°', '4°', '5°']
1999;['1°', '2°', '3°', '4°', '5°']
2001;['1°', '2°', '3°', '4°', '5°']
2003;['1°', '2°', '3°', '4°', '5°']
2005;['1°', '2°', '3°', '4°', '5°']
2006;['1°', '2°', '3°', '4°', '5°']
2007;['1°', '2°', '3°', '4°', '5°']
2009;['1°', '2°', '3°', '4°', '5°']
2011;['1°', '2°', '3°', '4°', '5°']
2012;['1°', '2°', '3°', '4°', '5°']
2014;['1°', '2°', '3°', '4°', '5°']
2015;['1°', '2°', '3°', '4°', '5°']
2016;['1°', '2°', '3°', '4°', '5°']
2017;['1°', '2°', '3°', '4°', '5°']
2018;['1°', '2°', '3°', '4°', '5°']
2019;['1°', '2°', '3°', '4°', '5°']
2020;['1°', '2°', '3°', '4°', '5°']
2021;['1°', '2°', '3°', '4°', '5°']
2024;['1°', '2°', '3°', '4°', '5°']
2025;['1°', '2°', '3°', '4°', '5°']
2027;['1°', '2°', '3°', '4°', '5°']
2029;['1°', '2°', '3°', '4°', '5°']
2033;['1°', '2°', '3°', '4°', '5°']
2034;['1°', '2°', '3°', '4°', '5°']
2035;['1°', '2°', '3°', '4°', '5°', '6°']
2037;['1°', '2°', '3°', '4°', '5°']
2039;['1°', '2°', '3°', '4°', '5°']
2041;['1°', '2°', '3°', '4°', '5°']
2042;['1°', '2°', '3°', '4°', '5°']
2043;['1°', '2°', '3°', '4°', '5°']
2044;['1°', '2°', '3°', '4°', '5°']
2045;['1°', '2°', '3°', '4°', '5°']
2046;['1°', '2°', '3°', '4°', '5°']
2047;['1°', '2°', '3°', '4°', '5°']
2048;['1°', '2°', '3°', '4°', '5°']
2050;['1°', '2°', '3°', '4°', '5°']
2052;['1°', '2°', '3°', '4°', '5°']
2053;['1°', '2°', '3°', '4°', '5°']
2054;['1°', '2°', '3°', '4°', '5°']
2058;['1°', '2°', '3°', '4°', '5°']
2059;['1°', '2°', '3°', '4°', '5°']
2061;['1°', '2°', '3°', '4°', '5°']
2062;['1°', '2°', '3°', '4°', '5°']
2063;['1°', '2°', '3°', '4°', '5°']
2064;['1°', '2°', '3°', '4°', '5°']
2159;['3°']
2335;['2°', '3°', '4°', '5°', '6°', '7°']
2336;['2°', '3°', '4°', '5°', '6°', '7°']
2337;['2°', '3°', '4°', '5°', '6°', '7°']
2338;['2°', '3°', '4°', '5°', '6°', '7°']
2339;['2°', '3°', '4°', '5°', '6°', '7°']
2340;['2°', '3°', '4°', '5°', '6°', '7°']
2341;['2°', '3°', '4°', '5°', '6°', '7°']
2342;['2°', '3°', '4°', '5°', '6°', '7°']
2343;['2°', '3°', '4°', '5°', '6°', '7°']
2344;['2°', '3°', '4°', '5°', '6°', '7°']
2345;['2°', '3°', '4°', '5°', '6°', '7°']
2346;['2°', '3°', '4°', '5°', '6°', '7°']
2347;['2°', '3°', '4°', '5°', '6°', '7°']
2348;['2°', '3°', '4°', '5°', '6°', '7°']
2349;['2°', '3°', '4°', '5°', '6°', '7°']
2350;['2°', '3°', '4°', '5°', '6°', '7°']
2351;['2°', '3°', '4°', '5°', '6°', '7°']
2352;['2°', '3°', '4°', '5°', '6°', '7°']
2353;['2°', '3°', '4°', '5°', '6°', '7°']
2354;['2°', '3°', '4°', '5°', '6°', '7°']
2355;['2°', '3°', '4°', '5°', '6°', '7°']
2356;['2°', '3°', '4°', '5°', '6°', '7°']
2357;['2°', '3°', '4°', '5°', '6°', '7°']
2358;['2°', '3°', '4°', '5°', '6°', '7°']
2359;['2°', '3°', '4°', '5°', '6°', '7°']
2360;['2°', '3°', '4°', '5°', '6°', '7°']
2361;['2°', '3°', '4°', '5°', '6°', '7°']
2362;['2°', '3°', '4°', '5°', '6°', '7°']
2363;['2°', '3°', '4°', '5°', '6°', '7°']
2364;['2°', '3°', '4°', '5°', '6°', '7°']
2365;['2°', '3°', '4°', '5°', '6°', '7°']
2366;['2°', '3°', '4°', '5°', '6°', '7°']
2367;['2°', '3°', '4°', '5°', '6°', '7°']
2368;['2°', '3°', '4°', '5°', '6°', '7°']
2369;['2°', '3°', '4°', '5°', '6°', '7°']
2370;['2°', '3°', '4°', '5°', '6°', '7°']
2371;['2°', '3°', '4°', '5°', '6°', '7°']
2372;['2°', '3°', '4°', '5°', '6°', '7°']
2373;['2°', '3°', '4°', '5°', '6°', '7°']
2374;['2°', '3°', '4°', '5°', '6°', '7°']
2375;['2°', '3°', '4°', '5°', '6°', '7°']
2376;['2°', '3°', '4°', '5°', '6°', '7°']
2377;['2°', '3°', '4°', '5°', '6°', '7°']
2378;['2°', '3°', '4°', '5°', '6°', '7°']
2379;['2°', '3°', '4°', '5°', '6°', '7°']
2380;['2°', '3°', '4°', '5°', '6°', '7°']
2381;['2°', '3°', '4°', '5°', '6°', '7°']
2382;['2°', '3°', '4°', '5°', '6°', '7°']
2383;['2°', '3°', '4°', '5°', '6°', '7°']
2384;['2°', '3°', '4°', '5°', '6°', '7°']
2385;['2°', '3°', '4°', '5°', '6°', '7°']
2386;['2°', '3°', '4°', '5°', '6°', '7°']
2387;['2°', '3°', '4°', '5°', '6°', '7°']
2388;['2°', '3°', '4°', '5°', '6°', '7°']
2389;['2°', '3°', '4°', '5°', '6°', '7°']
2390;['2°', '3°', '4°', '5°', '6°', '7°']
2391;['2°', '3°', '4°', '5°', '6°', '7°']
2392;['2°', '3°', '4°', '5°', '6°', '7°']
2393;['2°', '3°', '4°', '5°', '6°', '7°']
2394;['2°', '3°', '4°', '5°', '6°', '7°']
2395;['2°', '3°', '4°', '5°', '6°', '7°']
2396;['2°', '3°', '4°', '5°', '6°', '7°']
2397;['2°', '3°', '4°', '5°', '6°', '7°']
2398;['2°', '3°', '4°', '5°', '7°']
2399;['2°', '3°', '4°', '5°', '6°', '7°']
2400;['2°', '3°', '4°', '5°', '6°', '7°']
2401;['2°', '3°', '4°', '5°', '6°', '7°']
2411;['1°', '2°', '3°', '4°', '5°']
2412;['1°', '2°', '3°', '4°', '5°']
2428;['2°', '3°', '4°', '5°', '6°', '7°']
2429;['2°', '3°', '4°', '5°', '6°', '7°']
2565;['2°', '3°', '4°', '5°', '6°', '7°']
2566;['2°', '3°', '4°', '5°', '6°', '7°']
2567;['2°', '3°', '4°', '5°', '6°', '7°']
2568;['2°', '3°', '4°', '5°', '6°', '7°']
2570;['2°', '3°', '4°', '5°', '6°', '7°']
2571;['2°', '3°', '4°', '5°', '6°', '7°']
2572;['2°', '3°', '4°', '5°', '6°', '7°']
2573;['2°', '3°', '4°', '5°', '6°', '7°']
2574;['2°', '3°', '4°', '5°', '6°', '7°']
2577;['1°', '2°', '3°', '4°', '5°']
2584;['2°', '3°', '4°', '5°', '6°', '7°']
2586;['2°', '3°', '4°', '5°', '6°', '7°']
2587;['2°', '3°', '4°', '5°', '6°', '7°']
2590;['2°', '3°', '4°', '5°', '6°', '7°']
2591;['2°', '3°', '4°', '5°', '6°', '7°']
2592;['2°', '3°', '4°', '5°', '6°', '7°']
2596;['2°', '3°', '4°', '5°', '6°', '7°']
2601;['2°', '3°', '4°', '5°', '6°', '7°']
2623;['2°', '3°', '4°', '5°', '6°', '7°']
2628;['2°', '3°', '4°', '5°', '6°', '7°']
2633;['2°', '3°', '4°', '5°', '6°', '7°']
2634;['2°', '3°', '4°', '5°', '6°', '7°']
2635;['2°', '3°', '4°', '5°', '6°', '7°']
2636;['2°', '3°', '4°', '5°', '6°', '7°']
2639;['2°', '3°', '4°', '5°', '6°', '7°']
2641;['2°', '3°', '4°', '5°', '6°', '7°']
2642;['2°', '3°', '4°', '5°', '6°', '7°']
2643;['2°', '3°', '4°', '5°', '6°', '7°']
2647;['2°', '3°', '4°', '5°', '6°', '7°']
2648;['2°', '3°', '4°', '5°', '6°', '7°']
2659;['2°', '3°', '4°', '5°', '6°']
2661;['2°', '3°', '4°', '5°', '6°', '7°']
2662;['2°', '3°', '4°', '5°', '6°', '7°']
2664;['2°', '3°', '4°', '5°', '6°', '7°']
2665;['2°', '3°', '4°', '5°', '6°', '7°']
2666;['1°', '2°', '3°', '4°', '5°']
2667;['1°', '2°', '3°', '4°', '5°']
2668;['1°', '2°', '3°', '4°', '5°']
2669;['1°', '2°', '3°', '4°', '5°']
2670;['1°', '2°', '3°', '4°', '5°']
2671;['1°', '2°', '3°', '4°', '5°']
2675;['1°', '2°', '3°', '4°', '5°']
2676;['1°', '2°', '3°', '4°', '5°']
2677;['1°', '2°', '3°', '4°', '5°']
2678;['1°', '2°', '3°', '4°', '5°']
2679;['1°', '2°', '3°', '4°', '5°']
2680;['1°', '2°', '3°', '4°', '5°']
2681;['1°', '2°', '3°', '4°', '5°']
2682;['1°', '2°', '3°', '4°', '5°']
2683;['1°', '2°', '3°', '4°', '5°']
2684;['1°', '2°', '3°', '4°', '5°']
2685;['1°', '2°', '3°', '4°', '5°']
2686;['1°', '2°', '3°', '4°', '5°']
3186;['2°', '3°', '4°', '5°', '6°', '7°']
3191;['2°', '3°', '4°', '5°', '6°', '7°']
3192;['1°', '2°', '3°', '4°', '5°']
3204;['1°', '2°', '3°', '4°', '5°']
3205;['2°', '3°', '4°', '5°', '6°', '7°']
3206;['2°', '3°', '4°', '5°', '6°', '7°']
3210;['1°', '2°', '3°', '4°', '5°']
3215;['2°', '3°', '4°', '5°', '6°', '7°']
3216;['2°', '3°', '4°', '5°', '6°', '7°']
3321;['1°', '2°', '3°', '4°', '5°']
3372;['2°', '3°', '4°', '5°', '6°', '7°']
3513;['1°', '2°', '3°', '4°', '5°']
3535;['2°', '3°', '4°', '5°', '6°', '7°']
3634;['2°', '3°', '4°', '5°', '6°', '7°']
3738;['2°', '3°', '4°', '5°', '6°', '7°']
4394;['1°', '2°', '3°', '4°', '5°']
4395;['2°', '3°', '4°', '5°', '6°', '7°']
4396;['2°', '3°', '4°', '5°', '6°']
4866;['2°', '3°', '4°', '5°', '6°', '7°']
4984;['2°', '3°', '4°', '5°', '6°', '7°']
4989;['1°', '2°', '3°', '4°', '5°']
4996;['2°', '3°', '4°', '5°', '6°', '7°']
5001;['4°']
5041;['1°', '2°', '3°', '4°', '5°']
5043;['2°', '3°', '4°', '5°']
5044;['1°', '2°', '3°', '4°', '5°']
5087;['2°', '3°', '4°']
5088;['1°', '2°', '3°']
5089;['1°', '2°', '3°', '4°', '5°']
5090;['2°', '3°', '4°']
5092;['2°', '3°', '4°']
5110;['1°', '2°', '3°', '4°', '5°']
5111;['1°', '2°', '3°', '4°', '5°']
5165;['2°', '3°', '4°', '5°', '6°', '7°']
5176;['1°', '2°']
5177;['1°', '2°', '3°', '4°', '5°']
5179;['1°', '2°']
5184;['1°', '2°', '3°', '4°', '5°']
5185;['1°', '2°', '3°', '4°', '5°']
5187;['1°', '2°', '3°', '4°', '5°']
5188;['1°', '2°', '3°', '4°', '5°']
5191;['1°', '2°', '3°', '4°', '5°']
5236;['1°']
5318;['1°']
